seq,ph,yaw_deg,pitch_deg,roll_deg,lat_deg,lon_deg,alt_gps_m,temp_C,press_hPa,hum_pct,alt_bme_m,ax,ay,az,a
1,0,0.0,22.2,1.4,nan,nan,0.0,33.36,1020.02,30.89,-56.37,0.020,-3.640,9.120,9.820
2,0,0.0,22.2,1.4,nan,nan,0.0,33.36,1020.02,30.89,-55.97,0.020,-3.640,9.120,9.820
3,0,0.0,22.2,1.4,nan,nan,0.0,33.36,1020.02,30.89,-55.97,0.020,-3.640,9.120,9.820
4,0,0.0,22.2,1.4,nan,nan,0.0,33.36,1020.02,30.89,-55.97,0.020,-3.640,9.120,9.820
5,0,0.0,22.2,1.6,nan,nan,0.0,33.36,1019.98,31.41,-56.04,0.430,-3.530,9.090,9.761
6,0,0.0,22.2,1.6,nan,nan,0.0,33.36,1019.98,31.41,-56.04,0.430,-3.530,9.090,9.761
7,0,0.0,22.2,1.6,nan,nan,0.0,33.36,1019.98,31.41,-56.04,0.430,-3.530,9.090,9.761
8,0,359.9,22.2,1.3,nan,nan,0.0,33.36,1019.97,30.78,-55.78,0.450,-3.850,9.010,9.808
9,0,359.9,22.2,1.3,nan,nan,0.0,33.36,1019.97,30.78,-55.73,0.450,-3.850,9.010,9.808
10,0,359.9,22.2,1.3,nan,nan,0.0,33.36,1019.97,30.78,-55.73,0.450,-3.850,9.010,9.808
11,0,359.9,22.3,1.3,nan,nan,0.0,33.37,1019.97,31.52,-55.94,0.120,-3.730,9.110,9.845
12,0,359.9,22.3,1.3,nan,nan,0.0,33.37,1019.97,31.52,-56.03,0.120,-3.730,9.110,9.845
13,0,359.9,22.3,1.3,nan,nan,0.0,33.37,1019.97,31.52,-56.03,0.120,-3.730,9.110,9.845
14,0,359.9,22.3,1.3,nan,nan,0.0,33.37,1019.97,31.52,-56.03,0.120,-3.730,9.110,9.845
15,0,359.9,22.2,2.1,nan,nan,0.0,33.40,1020.00,31.22,-55.96,0.240,-3.570,8.990,9.676
16,0,359.9,22.2,2.1,nan,nan,0.0,33.40,1020.00,31.22,-55.96,0.240,-3.570,8.990,9.676
17,0,359.9,22.2,2.1,nan,nan,0.0,33.40,1020.00,31.22,-55.96,0.240,-3.570,8.990,9.676
18,0,359.7,21.4,4.1,nan,nan,0.0,33.40,1019.98,31.80,-55.83,0.530,-3.580,8.790,9.506
19,0,359.7,21.4,4.1,nan,nan,0.0,33.40,1019.98,31.80,-55.83,0.530,-3.580,8.790,9.506
20,0,359.7,21.4,4.1,nan,nan,0.0,33.40,1019.98,31.80,-55.83,0.530,-3.580,8.790,9.506
21,0,359.4,20.9,5.0,nan,nan,0.0,33.41,1019.95,31.96,-55.97,0.900,-3.750,9.120,9.902
22,0,359.4,20.9,5.0,nan,nan,0.0,33.41,1019.95,31.96,-55.75,0.900,-3.750,9.120,9.902
23,0,359.4,20.9,5.0,nan,nan,0.0,33.41,1019.95,31.96,-55.75,0.900,-3.750,9.120,9.902
24,0,355.8,10.5,7.0,nan,nan,0.0,33.42,1019.95,32.44,-55.76,1.380,-1.010,11.260,11.389
25,0,355.8,10.5,7.0,nan,nan,0.0,33.42,1019.95,32.44,-55.64,1.380,-1.010,11.260,11.389
26,0,355.8,10.5,7.0,nan,nan,0.0,33.42,1019.95,32.44,-55.64,1.380,-1.010,11.260,11.389
27,0,355.8,10.5,7.0,nan,nan,0.0,33.42,1019.95,32.44,-55.64,1.380,-1.010,11.260,11.389
28,0,348.3,4.6,-6.1,nan,nan,0.0,33.42,1019.90,32.12,-55.63,-0.020,-1.780,8.900,9.076
29,0,348.3,4.6,-6.1,nan,nan,0.0,33.42,1019.90,32.12,-55.63,-0.020,-1.780,8.900,9.076
30,0,348.3,4.6,-6.1,nan,nan,0.0,33.42,1019.90,32.12,-55.63,-0.020,-1.780,8.900,9.076
31,0,349.3,-10.2,-5.0,nan,nan,0.0,33.37,1019.90,31.90,-55.35,-0.020,1.770,7.280,7.492
32,0,349.3,-10.2,-5.0,nan,nan,0.0,33.37,1019.90,31.90,-55.46,-0.020,1.770,7.280,7.492
33,0,349.3,-10.2,-5.0,nan,nan,0.0,33.37,1019.90,31.90,-55.46,-0.020,1.770,7.280,7.492
34,0,349.3,-10.2,-5.0,nan,nan,0.0,33.37,1019.90,31.90,-55.46,-0.020,1.770,7.280,7.492
35,0,353.4,6.0,1.1,nan,nan,0.0,33.34,1019.94,32.18,-55.33,-0.500,-0.730,9.120,9.163
36,0,353.4,6.0,1.1,nan,nan,0.0,33.34,1019.94,32.18,-55.33,-0.500,-0.730,9.120,9.163
37,0,353.4,6.0,1.1,nan,nan,0.0,33.34,1019.94,32.18,-55.33,-0.500,-0.730,9.120,9.163
38,0,353.1,4.1,0.5,nan,nan,0.0,33.36,1019.93,31.97,-55.66,0.010,-0.130,8.760,8.761
39,0,353.1,4.1,0.5,nan,nan,0.0,33.36,1019.93,31.97,-55.66,0.010,-0.130,8.760,8.761
40,0,353.1,4.1,0.5,nan,nan,0.0,33.36,1019.93,31.97,-55.66,0.010,-0.130,8.760,8.761
41,0,354.1,9.4,4.8,nan,nan,0.0,33.37,1019.92,32.11,-55.60,0.780,-1.550,9.610,9.765
42,0,354.1,9.4,4.8,nan,nan,0.0,33.37,1019.92,32.11,-55.66,0.780,-1.550,9.610,9.765
43,0,354.1,9.4,4.8,nan,nan,0.0,33.37,1019.92,32.11,-55.66,0.780,-1.550,9.610,9.765
44,0,359.4,12.3,7.9,nan,nan,0.0,33.40,1019.94,32.01,-55.78,1.380,-1.950,8.780,9.099
45,0,359.4,12.3,7.9,nan,nan,0.0,33.40,1019.94,32.01,-55.66,1.380,-1.950,8.780,9.099
46,0,359.4,12.3,7.9,nan,nan,0.0,33.40,1019.94,32.01,-55.66,1.380,-1.950,8.780,9.099
47,0,359.4,12.3,7.9,nan,nan,0.0,33.40,1019.94,32.01,-55.66,1.380,-1.950,8.780,9.099
48,0,2.1,15.5,12.8,nan,nan,0.0,33.41,1019.95,32.38,-55.35,2.230,-2.490,9.070,9.666
49,0,2.1,15.5,12.8,nan,nan,0.0,33.41,1019.95,32.38,-55.35,2.230,-2.490,9.070,9.666
50,0,2.1,15.5,12.8,nan,nan,0.0,33.41,1019.95,32.38,-55.35,2.230,-2.490,9.070,9.666
51,0,3.1,16.7,16.6,nan,nan,0.0,33.42,1019.90,32.30,-55.02,2.730,-2.680,8.770,9.568
52,0,3.1,16.7,16.6,nan,nan,0.0,33.42,1019.90,32.30,-55.43,2.730,-2.680,8.770,9.568
53,0,3.1,16.7,16.6,nan,nan,0.0,33.42,1019.90,32.30,-55.43,2.730,-2.680,8.770,9.568
54,0,3.1,16.7,16.6,nan,nan,0.0,33.42,1019.90,32.30,-55.43,2.730,-2.680,8.770,9.568
55,0,5.6,18.1,15.1,nan,nan,0.0,33.44,1019.92,32.36,-55.51,2.300,-3.040,8.820,9.609
56,0,5.6,18.1,15.1,nan,nan,0.0,33.44,1019.92,32.36,-55.51,2.300,-3.040,8.820,9.609
57,0,5.6,18.1,15.1,nan,nan,0.0,33.44,1019.92,32.36,-55.51,2.300,-3.040,8.820,9.609
58,0,5.9,17.9,14.5,nan,nan,0.0,33.45,1019.94,32.24,-55.50,2.190,-2.790,8.860,9.544
59,0,5.9,17.9,14.5,nan,nan,0.0,33.45,1019.94,32.24,-55.50,2.190,-2.790,8.860,9.544
60,0,5.9,17.9,14.5,nan,nan,0.0,33.45,1019.94,32.24,-55.50,2.190,-2.790,8.860,9.544
61,0,6.0,17.4,14.2,nan,nan,0.0,33.48,1019.92,32.51,-55.50,2.250,-2.860,8.880,9.597
62,0,6.0,17.4,14.2,nan,nan,0.0,33.48,1019.92,32.51,-55.31,2.250,-2.860,8.880,9.597
63,0,6.0,17.4,14.2,nan,nan,0.0,33.48,1019.92,32.51,-55.31,2.250,-2.860,8.880,9.597
64,0,6.1,17.6,13.1,nan,nan,0.0,33.50,1019.89,32.48,-55.41,2.120,-2.790,8.900,9.565
65,0,6.1,17.6,13.1,nan,nan,0.0,33.50,1019.89,32.48,-55.57,2.120,-2.790,8.900,9.565
66,0,6.1,17.6,13.1,nan,nan,0.0,33.50,1019.89,32.48,-55.57,2.120,-2.790,8.900,9.565
67,0,6.1,17.6,13.1,nan,nan,0.0,33.50,1019.89,32.48,-55.57,2.120,-2.790,8.900,9.565
68,0,6.9,18.0,11.0,nan,nan,0.0,33.51,1019.95,32.64,-55.55,1.750,-2.960,8.960,9.597
69,0,6.9,18.0,11.0,nan,nan,0.0,33.51,1019.95,32.64,-55.55,1.750,-2.960,8.960,9.597
70,0,6.9,18.0,11.0,nan,nan,0.0,33.51,1019.95,32.64,-55.55,1.750,-2.960,8.960,9.597
71,0,7.6,18.0,9.5,nan,nan,0.0,33.53,1019.95,32.34,-55.45,1.400,-3.010,8.970,9.565
72,0,7.6,18.0,9.5,nan,nan,0.0,33.53,1019.95,32.34,-55.76,1.400,-3.010,8.970,9.565
73,0,7.6,18.0,9.5,nan,nan,0.0,33.53,1019.95,32.34,-55.76,1.400,-3.010,8.970,9.565
74,0,8.0,18.4,8.4,nan,nan,0.0,33.55,1019.90,32.41,-55.43,1.260,-3.050,9.180,9.755
75,0,8.0,18.4,8.4,nan,nan,0.0,33.55,1019.90,32.41,-55.31,1.260,-3.050,9.180,9.755
76,0,8.0,18.4,8.4,nan,nan,0.0,33.55,1019.90,32.41,-55.31,1.260,-3.050,9.180,9.755
77,0,8.0,18.4,8.4,nan,nan,0.0,33.55,1019.90,32.41,-55.31,1.260,-3.050,9.180,9.755
78,0,8.3,18.6,7.8,nan,nan,0.0,33.54,1019.96,32.24,-55.73,0.980,-3.040,9.110,9.654
79,0,8.3,18.6,7.8,nan,nan,0.0,33.54,1019.96,32.24,-55.73,0.980,-3.040,9.110,9.654
80,0,8.3,18.6,7.8,nan,nan,0.0,33.54,1019.96,32.24,-55.73,0.980,-3.040,9.110,9.654
81,0,8.4,18.9,7.4,nan,nan,0.0,33.56,1019.94,32.24,-55.69,1.120,-3.140,9.070,9.663
82,0,8.4,18.9,7.4,nan,nan,0.0,33.56,1019.94,32.24,-55.69,1.120,-3.140,9.070,9.663
83,0,8.4,18.9,7.4,nan,nan,0.0,33.56,1019.94,32.24,-55.69,1.120,-3.140,9.070,9.663
84,0,8.4,19.0,6.9,nan,nan,0.0,33.56,1019.95,32.47,-55.76,1.050,-3.140,9.120,9.702
85,0,8.4,19.0,6.9,nan,nan,0.0,33.56,1019.95,32.47,-55.49,1.050,-3.140,9.120,9.702
86,0,8.4,19.0,6.9,nan,nan,0.0,33.56,1019.95,32.47,-55.49,1.050,-3.140,9.120,9.702
87,0,8.4,19.0,6.9,nan,nan,0.0,33.56,1019.95,32.47,-55.49,1.050,-3.140,9.120,9.702
88,0,8.6,19.2,6.1,nan,nan,0.0,33.58,1019.95,32.37,-55.58,0.920,-3.170,9.180,9.755
89,0,8.6,19.2,6.1,nan,nan,0.0,33.58,1019.95,32.37,-55.58,0.920,-3.170,9.180,9.755
90,0,8.6,19.2,6.1,nan,nan,0.0,33.58,1019.95,32.37,-55.58,0.920,-3.170,9.180,9.755
91,0,8.6,19.3,5.9,nan,nan,0.0,33.59,1019.94,31.74,-55.96,0.990,-3.200,9.090,9.688
92,0,8.6,19.3,5.9,nan,nan,0.0,33.59,1019.94,31.74,-55.96,0.990,-3.200,9.090,9.688
93,0,8.6,19.3,5.9,nan,nan,0.0,33.59,1019.94,31.74,-55.96,0.990,-3.200,9.090,9.688
94,0,8.6,19.8,5.8,nan,nan,0.0,33.59,1019.97,32.46,-55.19,1.050,-3.300,9.080,9.718
95,0,8.6,19.8,5.8,nan,nan,0.0,33.59,1019.97,32.46,-55.56,1.050,-3.300,9.080,9.718
96,0,8.6,19.8,5.8,nan,nan,0.0,33.59,1019.97,32.46,-55.56,1.050,-3.300,9.080,9.718
97,0,9.0,20.4,7.0,nan,nan,0.0,33.61,1019.96,32.16,-55.52,1.020,-3.240,8.950,9.573
98,0,9.0,20.4,7.0,nan,nan,0.0,33.61,1019.96,32.16,-55.76,1.020,-3.240,8.950,9.573
99,0,9.0,20.4,7.0,nan,nan,0.0,33.61,1019.96,32.16,-55.76,1.020,-3.240,8.950,9.573
100,0,9.0,20.4,7.0,nan,nan,0.0,33.61,1019.96,32.16,-55.76,1.020,-3.240,8.950,9.573
101,0,8.4,20.6,9.3,nan,nan,0.0,33.62,1019.95,32.18,-55.59,1.490,-3.330,8.970,9.683
102,0,8.4,20.6,9.3,nan,nan,0.0,33.62,1019.95,32.18,-55.59,1.490,-3.330,8.970,9.683
103,0,8.4,20.6,9.3,nan,nan,0.0,33.62,1019.95,32.18,-55.59,1.490,-3.330,8.970,9.683
104,0,8.5,20.6,9.2,nan,nan,0.0,33.62,1019.92,31.92,-55.64,1.550,-3.410,8.980,9.730
105,0,8.5,20.6,9.2,nan,nan,0.0,33.62,1019.92,31.92,-55.57,1.550,-3.410,8.980,9.730
106,0,8.5,20.6,9.2,nan,nan,0.0,33.62,1019.92,31.92,-55.57,1.550,-3.410,8.980,9.730
107,0,8.5,20.6,9.2,nan,nan,0.0,33.62,1019.92,31.92,-55.57,1.550,-3.410,8.980,9.730
108,0,8.5,20.8,9.2,nan,nan,0.0,33.63,1019.96,32.37,-55.97,1.550,-3.380,8.970,9.710
109,0,8.5,20.8,9.2,nan,nan,0.0,33.63,1019.96,32.37,-55.97,1.550,-3.380,8.970,9.710
110,0,8.5,20.8,9.2,nan,nan,0.0,33.63,1019.96,32.37,-55.97,1.550,-3.380,8.970,9.710
111,0,8.6,20.7,9.0,nan,nan,0.0,33.63,1019.98,32.42,-55.75,1.530,-3.420,9.070,9.813
112,0,8.6,20.7,9.0,nan,nan,0.0,33.63,1019.98,32.42,-55.75,1.530,-3.420,9.070,9.813
113,0,8.6,20.7,9.0,nan,nan,0.0,33.63,1019.98,32.42,-55.75,1.530,-3.420,9.070,9.813
114,0,8.9,20.8,8.6,nan,nan,0.0,33.64,1019.97,32.16,-55.61,1.320,-3.430,9.060,9.777
115,0,8.9,20.8,8.6,nan,nan,0.0,33.64,1019.97,32.16,-55.79,1.320,-3.430,9.060,9.777
116,0,8.9,20.8,8.6,nan,nan,0.0,33.64,1019.97,32.16,-55.79,1.320,-3.430,9.060,9.777
117,0,8.9,20.8,8.5,nan,nan,0.0,33.65,1019.96,32.10,-55.59,1.330,-3.420,9.040,9.756
118,0,8.9,20.8,8.5,nan,nan,0.0,33.65,1019.96,32.10,-55.62,1.330,-3.420,9.040,9.756
119,0,8.9,20.8,8.5,nan,nan,0.0,33.65,1019.96,32.10,-55.62,1.330,-3.420,9.040,9.756
120,0,8.9,20.8,8.5,nan,nan,0.0,33.65,1019.96,32.10,-55.62,1.330,-3.420,9.040,9.756
121,0,8.9,20.8,8.5,nan,nan,0.0,33.67,1019.95,32.26,-55.65,1.360,-3.510,9.010,9.765
122,0,8.9,20.8,8.5,nan,nan,0.0,33.67,1019.95,32.26,-55.65,1.360,-3.510,9.010,9.765
123,0,8.9,20.8,8.5,nan,nan,0.0,33.67,1019.95,32.26,-55.65,1.360,-3.510,9.010,9.765
124,0,8.9,20.8,8.5,nan,nan,0.0,33.66,1019.96,31.82,-55.61,1.360,-3.400,8.970,9.689
125,0,8.9,20.8,8.5,nan,nan,0.0,33.66,1019.96,31.82,-55.32,1.360,-3.400,8.970,9.689
126,0,8.9,20.8,8.5,nan,nan,0.0,33.66,1019.96,31.82,-55.32,1.360,-3.400,8.970,9.689
127,0,8.9,20.8,8.6,nan,nan,0.0,33.69,1019.92,31.74,-55.61,1.330,-3.440,9.040,9.763
128,0,8.9,20.8,8.6,nan,nan,0.0,33.69,1019.92,31.74,-55.30,1.330,-3.440,9.040,9.763
129,0,8.9,20.8,8.6,nan,nan,0.0,33.69,1019.92,31.74,-55.30,1.330,-3.440,9.040,9.763
130,0,8.9,20.8,8.6,nan,nan,0.0,33.69,1019.92,31.74,-55.30,1.330,-3.440,9.040,9.763
131,0,8.9,21.0,8.8,nan,nan,0.0,33.70,1019.94,31.75,-55.40,1.450,-3.470,8.950,9.708
132,0,8.9,21.0,8.8,nan,nan,0.0,33.70,1019.94,31.75,-55.40,1.450,-3.470,8.950,9.708
133,0,8.9,21.0,8.8,nan,nan,0.0,33.70,1019.94,31.75,-55.40,1.450,-3.470,8.950,9.708
134,0,8.9,21.1,8.9,nan,nan,0.0,33.71,1019.94,31.84,-55.72,1.480,-3.450,9.010,9.761
135,0,8.9,21.1,8.9,nan,nan,0.0,33.71,1019.94,31.84,-55.72,1.480,-3.450,9.010,9.761
136,0,8.9,21.1,8.9,nan,nan,0.0,33.71,1019.94,31.84,-55.72,1.480,-3.450,9.010,9.761
137,0,9.2,21.2,8.6,nan,nan,0.0,33.72,1019.95,31.91,-55.73,1.430,-3.390,9.080,9.797
138,0,9.2,21.2,8.6,nan,nan,0.0,33.72,1019.95,31.91,-55.52,1.430,-3.390,9.080,9.797
139,0,9.2,21.2,8.6,nan,nan,0.0,33.72,1019.95,31.91,-55.52,1.430,-3.390,9.080,9.797
140,0,9.8,21.3,8.7,nan,nan,0.0,33.72,1019.94,31.44,-55.45,1.350,-3.490,9.030,9.775
141,0,9.8,21.3,8.7,nan,nan,0.0,33.72,1019.94,31.44,-55.51,1.350,-3.490,9.030,9.775
142,0,9.8,21.3,8.7,nan,nan,0.0,33.72,1019.94,31.44,-55.51,1.350,-3.490,9.030,9.775
143,0,9.8,21.3,8.7,nan,nan,0.0,33.72,1019.94,31.44,-55.51,1.350,-3.490,9.030,9.775
144,0,9.5,21.4,8.3,nan,nan,0.0,33.73,1019.95,31.89,-55.74,1.380,-3.470,9.020,9.762
145,0,9.5,21.4,8.3,nan,nan,0.0,33.73,1019.95,31.89,-55.74,1.380,-3.470,9.020,9.762
146,0,9.5,21.4,8.3,nan,nan,0.0,33.73,1019.95,31.89,-55.74,1.380,-3.470,9.020,9.762
147,0,9.6,21.4,8.2,nan,nan,0.0,33.73,1019.93,31.77,-55.50,1.300,-3.470,9.040,9.770
148,0,9.6,21.4,8.2,nan,nan,0.0,33.73,1019.93,31.77,-55.77,1.300,-3.470,9.040,9.770
149,0,9.6,21.4,8.2,nan,nan,0.0,33.73,1019.93,31.77,-55.77,1.300,-3.470,9.040,9.770
150,0,9.6,21.4,8.2,nan,nan,0.0,33.75,1019.96,31.76,-55.46,1.340,-3.550,9.010,9.776
151,0,9.6,21.4,8.2,nan,nan,0.0,33.75,1019.96,31.76,-55.56,1.340,-3.550,9.010,9.776
152,0,9.6,21.4,8.2,nan,nan,0.0,33.75,1019.96,31.76,-55.56,1.340,-3.550,9.010,9.776
153,0,9.6,21.4,8.2,nan,nan,0.0,33.75,1019.96,31.76,-55.56,1.340,-3.550,9.010,9.776
154,0,9.6,21.4,8.2,nan,nan,0.0,33.75,1019.96,31.51,-55.76,1.370,-3.510,9.010,9.766
155,0,9.6,21.4,8.2,nan,nan,0.0,33.75,1019.96,31.51,-55.76,1.370,-3.510,9.010,9.766
156,0,9.6,21.4,8.2,nan,nan,0.0,33.75,1019.96,31.51,-55.76,1.370,-3.510,9.010,9.766
157,0,9.6,21.5,8.4,nan,nan,0.0,33.76,1019.97,31.75,-55.45,1.450,-3.530,8.960,9.739
158,0,9.6,21.5,8.4,nan,nan,0.0,33.76,1019.97,31.75,-55.45,1.450,-3.530,8.960,9.739
159,0,9.6,21.5,8.4,nan,nan,0.0,33.76,1019.97,31.75,-55.45,1.450,-3.530,8.960,9.739
160,0,10.1,21.3,8.0,nan,nan,0.0,33.77,1019.96,31.44,-55.68,1.280,-3.520,9.090,9.831
161,0,10.1,21.3,8.0,nan,nan,0.0,33.77,1019.96,31.44,-55.65,1.280,-3.520,9.090,9.831
162,0,10.1,21.3,8.0,nan,nan,0.0,33.77,1019.96,31.44,-55.65,1.280,-3.520,9.090,9.831
163,0,10.1,21.3,8.0,nan,nan,0.0,33.77,1019.96,31.44,-55.65,1.280,-3.520,9.090,9.831
164,0,10.1,21.9,7.9,nan,nan,0.0,33.78,1019.98,31.70,-55.73,1.320,-3.620,8.970,9.763
165,0,10.1,21.9,7.9,nan,nan,0.0,33.78,1019.98,31.70,-55.73,1.320,-3.620,8.970,9.763
166,0,10.1,21.9,7.9,nan,nan,0.0,33.78,1019.98,31.70,-55.73,1.320,-3.620,8.970,9.763
167,0,10.2,21.8,7.8,nan,nan,0.0,33.80,1019.97,31.48,-55.58,1.250,-3.590,9.000,9.770
168,0,10.2,21.8,7.8,nan,nan,0.0,33.80,1019.97,31.48,-55.58,1.250,-3.590,9.000,9.770
169,0,10.2,21.8,7.8,nan,nan,0.0,33.80,1019.97,31.48,-55.58,1.250,-3.590,9.000,9.770
170,0,10.2,21.5,7.8,nan,nan,0.0,33.80,1019.96,31.79,-55.92,1.220,-3.560,9.020,9.774
171,0,10.2,21.5,7.8,nan,nan,0.0,33.80,1019.96,31.79,-55.89,1.220,-3.560,9.020,9.774
172,0,10.2,21.5,7.8,nan,nan,0.0,33.80,1019.96,31.79,-55.89,1.220,-3.560,9.020,9.774
173,0,10.2,21.5,7.8,nan,nan,0.0,33.80,1019.96,31.79,-55.89,1.220,-3.560,9.020,9.774
174,0,10.2,21.6,7.8,nan,nan,0.0,33.80,1019.96,31.98,-55.89,1.200,-3.590,9.030,9.791
175,0,10.2,21.6,7.8,nan,nan,0.0,33.80,1019.96,31.98,-55.89,1.200,-3.590,9.030,9.791
176,0,10.2,21.6,7.8,nan,nan,0.0,33.80,1019.96,31.98,-55.89,1.200,-3.590,9.030,9.791
177,0,10.2,21.6,7.6,nan,nan,0.0,33.82,1019.95,31.86,-55.93,1.250,-3.540,9.030,9.779
178,0,10.2,21.6,7.6,nan,nan,0.0,33.82,1019.95,31.86,-55.93,1.250,-3.540,9.030,9.779
179,0,10.2,21.6,7.6,nan,nan,0.0,33.82,1019.95,31.86,-55.93,1.250,-3.540,9.030,9.779
180,0,10.3,21.3,7.4,nan,nan,0.0,33.81,1019.96,31.89,-55.83,1.180,-3.420,9.080,9.774
181,0,10.3,21.3,7.4,nan,nan,0.0,33.81,1019.96,31.89,-55.79,1.180,-3.420,9.080,9.774
182,0,10.3,21.3,7.4,nan,nan,0.0,33.81,1019.96,31.89,-55.79,1.180,-3.420,9.080,9.774
183,0,10.3,21.3,7.4,nan,nan,0.0,33.81,1019.96,31.89,-55.79,1.180,-3.420,9.080,9.774
184,0,10.2,21.7,7.5,nan,nan,0.0,33.82,1019.99,31.79,-56.02,1.300,-3.670,8.950,9.760
185,0,10.2,21.7,7.5,nan,nan,0.0,33.82,1019.99,31.79,-56.02,1.300,-3.670,8.950,9.760
186,0,10.2,21.7,7.5,nan,nan,0.0,33.82,1019.99,31.79,-56.02,1.300,-3.670,8.950,9.760
187,0,10.2,22.2,6.9,nan,nan,0.0,33.84,1019.98,31.54,-56.10,1.120,-3.710,9.000,9.799
188,0,10.2,22.2,6.9,nan,nan,0.0,33.84,1019.98,31.54,-56.10,1.120,-3.710,9.000,9.799
189,0,10.2,22.2,6.9,nan,nan,0.0,33.84,1019.98,31.54,-56.10,1.120,-3.710,9.000,9.799
190,0,10.4,22.3,6.6,nan,nan,0.0,33.84,1019.96,31.57,-55.96,1.230,-3.600,9.000,9.771
191,0,10.4,22.3,6.6,nan,nan,0.0,33.84,1019.96,31.57,-55.65,1.230,-3.600,9.000,9.771
192,0,10.4,22.3,6.6,nan,nan,0.0,33.84,1019.96,31.57,-55.65,1.230,-3.600,9.000,9.771
193,0,10.4,22.5,7.0,nan,nan,0.0,33.86,1019.98,31.60,-55.85,1.090,-3.800,9.050,9.876
194,0,10.4,22.5,7.0,nan,nan,0.0,33.86,1019.98,31.60,-55.74,1.090,-3.800,9.050,9.876
195,0,10.4,22.5,7.0,nan,nan,0.0,33.86,1019.98,31.60,-55.74,1.090,-3.800,9.050,9.876
196,0,10.4,22.5,7.0,nan,nan,0.0,33.86,1019.98,31.60,-55.74,1.090,-3.800,9.050,9.876
197,0,10.3,22.3,7.3,nan,nan,0.0,33.86,1019.96,31.83,-55.51,1.210,-3.730,9.020,9.836
198,0,10.3,22.3,7.3,nan,nan,0.0,33.86,1019.96,31.83,-55.51,1.210,-3.730,9.020,9.836
199,0,10.3,22.3,7.3,nan,nan,0.0,33.86,1019.96,31.83,-55.51,1.210,-3.730,9.020,9.836
200,0,10.3,22.0,7.2,nan,nan,0.0,33.88,1019.97,31.48,-55.55,1.160,-3.620,8.980,9.751
201,0,10.3,22.0,7.2,nan,nan,0.0,33.88,1019.97,31.48,-55.55,1.160,-3.620,8.980,9.751
202,0,10.3,22.0,7.2,nan,nan,0.0,33.88,1019.97,31.48,-55.55,1.160,-3.620,8.980,9.751
203,0,10.3,21.9,7.2,nan,nan,0.0,33.90,1019.98,31.49,-55.76,1.220,-3.610,9.020,9.792
204,0,10.3,21.9,7.2,nan,nan,0.0,33.90,1019.98,31.49,-55.74,1.220,-3.610,9.020,9.792
205,0,10.3,21.9,7.2,nan,nan,0.0,33.90,1019.98,31.49,-55.74,1.220,-3.610,9.020,9.792
206,0,10.4,21.9,7.5,nan,nan,0.0,33.90,1019.97,31.41,-55.78,1.390,-3.540,9.120,9.881
207,0,10.4,21.9,7.5,nan,nan,0.0,33.90,1019.97,31.41,-55.84,1.390,-3.540,9.120,9.881
208,0,10.4,21.9,7.5,nan,nan,0.0,33.90,1019.97,31.41,-55.84,1.390,-3.540,9.120,9.881
209,0,10.4,21.9,7.5,nan,nan,0.0,33.90,1019.97,31.41,-55.84,1.390,-3.540,9.120,9.881
210,0,10.4,21.2,7.4,nan,nan,0.0,33.91,1019.93,31.33,-55.57,1.140,-3.290,8.990,9.641
211,0,10.4,21.2,7.4,nan,nan,0.0,33.91,1019.93,31.33,-55.57,1.140,-3.290,8.990,9.641
212,0,10.4,21.2,7.4,nan,nan,0.0,33.91,1019.93,31.33,-55.57,1.140,-3.290,8.990,9.641
213,0,10.4,21.8,7.6,nan,nan,0.0,33.90,1019.96,31.44,-55.63,1.380,-3.690,9.050,9.870
214,0,10.4,21.8,7.6,nan,nan,0.0,33.90,1019.96,31.44,-55.72,1.380,-3.690,9.050,9.870
215,0,10.4,21.8,7.6,nan,nan,0.0,33.90,1019.96,31.44,-55.72,1.380,-3.690,9.050,9.870
216,0,10.4,21.8,7.6,nan,nan,0.0,33.90,1019.96,31.44,-55.72,1.380,-3.690,9.050,9.870
217,0,10.7,21.8,7.2,nan,nan,0.0,33.90,1019.96,31.34,-55.95,1.280,-3.580,8.970,9.742
218,0,10.7,21.8,7.2,nan,nan,0.0,33.90,1019.96,31.34,-55.95,1.280,-3.580,8.970,9.742
219,0,10.7,21.8,7.2,nan,nan,0.0,33.90,1019.96,31.34,-55.95,1.280,-3.580,8.970,9.742
220,0,10.7,22.0,7.4,nan,nan,0.0,33.91,1019.97,31.75,-55.79,1.250,-3.580,8.980,9.748
221,0,10.7,22.0,7.4,nan,nan,0.0,33.91,1019.97,31.75,-55.83,1.250,-3.580,8.980,9.748
222,0,10.7,22.0,7.4,nan,nan,0.0,33.91,1019.97,31.75,-55.83,1.250,-3.580,8.980,9.748
223,0,10.6,22.2,7.4,nan,nan,0.0,33.93,1019.96,31.29,-55.78,1.160,-3.750,9.090,9.901
224,0,10.6,22.2,7.4,nan,nan,0.0,33.93,1019.96,31.29,-55.90,1.160,-3.750,9.090,9.901
225,0,10.6,22.2,7.4,nan,nan,0.0,33.93,1019.96,31.29,-55.90,1.160,-3.750,9.090,9.901
226,0,10.6,22.2,7.4,nan,nan,0.0,33.93,1019.96,31.29,-55.90,1.160,-3.750,9.090,9.901
227,0,11.2,22.2,7.5,nan,nan,0.0,33.94,1019.95,31.48,-55.89,0.950,-3.740,9.050,9.838
228,0,11.2,22.2,7.5,nan,nan,0.0,33.94,1019.95,31.48,-55.89,0.950,-3.740,9.050,9.838
229,0,11.2,22.2,7.5,nan,nan,0.0,33.94,1019.95,31.48,-55.89,0.950,-3.740,9.050,9.838
230,0,10.7,22.2,8.1,nan,nan,0.0,33.95,1019.94,31.00,-55.72,1.450,-3.630,8.960,9.776
231,0,10.7,22.2,8.1,nan,nan,0.0,33.95,1019.94,31.00,-55.72,1.450,-3.630,8.960,9.776
232,0,10.7,22.2,8.1,nan,nan,0.0,33.95,1019.94,31.00,-55.72,1.450,-3.630,8.960,9.776
233,0,10.6,22.1,8.2,nan,nan,0.0,33.97,1019.95,31.29,-56.15,1.390,-3.620,8.990,9.791
234,0,10.6,22.1,8.2,nan,nan,0.0,33.97,1019.95,31.29,-55.99,1.390,-3.620,8.990,9.791
609,0,210.4,16.7,6.8,nan,nan,0.0,36.49,1019.81,27.06,-55.01,1.110,-2.540,9.140,9.551
610,0,210.4,16.7,6.8,nan,nan,0.0,36.49,1019.81,27.06,-54.93,1.110,-2.540,9.140,9.551
611,0,210.4,16.7,6.8,nan,nan,0.0,36.49,1019.81,27.06,-54.93,1.110,-2.540,9.140,9.551
612,0,210.4,16.7,6.8,nan,nan,0.0,36.49,1019.81,27.06,-54.93,1.110,-2.540,9.140,9.551
613,0,211.0,16.8,7.9,nan,nan,0.0,36.48,1019.88,26.89,-54.88,1.470,-2.850,9.410,9.941
614,0,211.0,16.8,7.9,nan,nan,0.0,36.48,1019.88,26.89,-54.88,1.470,-2.850,9.410,9.941
615,0,211.0,16.8,7.9,nan,nan,0.0,36.48,1019.88,26.89,-54.88,1.470,-2.850,9.410,9.941
616,0,211.3,16.8,8.1,nan,nan,0.0,36.50,1019.89,27.31,-55.33,1.490,-2.900,9.450,9.997
617,0,211.3,16.8,8.1,nan,nan,0.0,36.50,1019.89,27.31,-55.07,1.490,-2.900,9.450,9.997
618,0,211.3,16.8,8.1,nan,nan,0.0,36.50,1019.89,27.31,-55.07,1.490,-2.900,9.450,9.997
619,0,211.0,17.0,7.6,nan,nan,0.0,36.50,1019.88,27.06,-55.06,1.300,-2.890,9.230,9.759
620,0,211.0,17.0,7.6,nan,nan,0.0,36.50,1019.88,27.06,-55.21,1.300,-2.890,9.230,9.759
621,0,211.0,17.0,7.6,nan,nan,0.0,36.50,1019.88,27.06,-55.21,1.300,-2.890,9.230,9.759
622,0,211.0,17.0,7.6,nan,nan,0.0,36.50,1019.88,27.06,-55.21,1.300,-2.890,9.230,9.759
623,0,210.9,16.8,7.1,nan,nan,0.0,36.52,1019.87,27.41,-55.50,1.210,-2.710,9.270,9.734
624,0,210.9,16.8,7.1,nan,nan,0.0,36.52,1019.87,27.41,-55.50,1.210,-2.710,9.270,9.734
625,0,210.9,16.8,7.1,nan,nan,0.0,36.52,1019.87,27.41,-55.50,1.210,-2.710,9.270,9.734
626,0,211.2,16.8,7.5,nan,nan,0.0,36.52,1019.89,27.09,-55.17,1.430,-2.880,9.370,9.906
627,0,211.2,16.8,7.5,nan,nan,0.0,36.52,1019.89,27.09,-55.21,1.430,-2.880,9.370,9.906
628,0,211.2,16.8,7.5,nan,nan,0.0,36.52,1019.89,27.09,-55.21,1.430,-2.880,9.370,9.906
629,0,211.5,16.6,7.7,nan,nan,0.0,36.54,1019.87,26.98,-55.21,1.420,-2.920,9.440,9.983
630,0,211.5,16.6,7.7,nan,nan,0.0,36.54,1019.87,26.98,-55.22,1.420,-2.920,9.440,9.983
631,0,211.5,16.6,7.7,nan,nan,0.0,36.54,1019.87,26.98,-55.22,1.420,-2.920,9.440,9.983
632,0,211.5,16.6,7.7,nan,nan,0.0,36.54,1019.87,26.98,-55.22,1.420,-2.920,9.440,9.983
633,0,211.2,16.8,6.9,nan,nan,0.0,36.52,1019.90,27.26,-54.99,1.150,-2.860,9.190,9.693
634,0,211.2,16.8,6.9,nan,nan,0.0,36.52,1019.90,27.26,-54.99,1.150,-2.860,9.190,9.693
705,0,250.8,5.4,1.0,nan,nan,0.0,36.63,1019.87,27.09,-55.13,-0.300,-1.640,9.550,9.694
706,0,251.1,5.1,-0.8,nan,nan,0.0,36.64,1019.89,26.91,-55.25,-0.640,-1.270,9.670,9.774
707,0,251.1,5.1,-0.8,nan,nan,0.0,36.64,1019.89,26.91,-55.25,-0.640,-1.270,9.670,9.774
708,0,251.1,5.1,-0.8,nan,nan,0.0,36.64,1019.89,26.91,-55.25,-0.640,-1.270,9.670,9.774
709,0,250.4,4.1,-0.2,nan,nan,0.0,36.67,1019.90,27.51,-54.93,0.000,-1.100,9.720,9.782
710,0,250.4,4.1,-0.2,nan,nan,0.0,36.67,1019.90,27.51,-55.09,0.000,-1.100,9.720,9.782
711,0,250.4,4.1,-0.2,nan,nan,0.0,36.67,1019.90,27.51,-55.09,0.000,-1.100,9.720,9.782
712,0,251.1,6.1,-2.8,nan,nan,0.0,36.68,1019.88,27.18,-55.29,-0.800,-1.420,9.570,9.708
713,0,251.1,6.1,-2.8,nan,nan,0.0,36.68,1019.88,27.18,-54.98,-0.800,-1.420,9.570,9.708
714,0,251.1,6.1,-2.8,nan,nan,0.0,36.68,1019.88,27.18,-54.98,-0.800,-1.420,9.570,9.708
715,0,251.1,6.1,-2.8,nan,nan,0.0,36.68,1019.88,27.18,-54.98,-0.800,-1.420,9.570,9.708
716,0,250.4,6.6,-2.8,nan,nan,0.0,36.69,1019.91,27.00,-55.24,-0.590,-1.350,9.460,9.574
717,0,250.4,6.6,-2.8,nan,nan,0.0,36.69,1019.91,27.00,-55.24,-0.590,-1.350,9.460,9.574
718,0,250.4,6.6,-2.8,nan,nan,0.0,36.69,1019.91,27.00,-55.24,-0.590,-1.350,9.460,9.574
719,0,248.5,4.9,-5.1,nan,nan,0.0,36.70,1019.90,27.09,-55.15,-1.050,-0.970,9.630,9.736
720,0,248.5,4.9,-5.1,nan,nan,0.0,36.70,1019.90,27.09,-55.38,-1.050,-0.970,9.630,9.736
721,0,248.5,4.9,-5.1,nan,nan,0.0,36.70,1019.90,27.09,-55.38,-1.050,-0.970,9.630,9.736
722,0,247.0,6.1,-5.9,nan,nan,0.0,36.70,1019.89,26.98,-55.41,-1.020,-1.030,9.480,9.590
723,0,247.0,6.1,-5.9,nan,nan,0.0,36.70,1019.89,26.98,-55.23,-1.020,-1.030,9.480,9.590
724,0,247.0,6.1,-5.9,nan,nan,0.0,36.70,1019.89,26.98,-55.23,-1.020,-1.030,9.480,9.590
725,0,247.0,6.1,-5.9,nan,nan,0.0,36.70,1019.89,26.98,-55.23,-1.020,-1.030,9.480,9.590
726,0,245.8,7.4,-5.1,nan,nan,0.0,36.71,1019.89,26.70,-55.15,-0.650,-1.220,9.540,9.640
727,0,245.8,7.4,-5.1,nan,nan,0.0,36.71,1019.89,26.70,-55.15,-0.650,-1.220,9.540,9.640
728,0,245.8,7.4,-5.1,nan,nan,0.0,36.71,1019.89,26.70,-55.15,-0.650,-1.220,9.540,9.640
729,0,246.0,7.7,-5.8,nan,nan,0.0,36.69,1019.90,27.48,-55.26,-0.990,-1.330,9.470,9.614
730,0,246.0,7.7,-5.8,nan,nan,0.0,36.69,1019.90,27.48,-55.15,-0.990,-1.330,9.470,9.614
731,0,246.0,7.7,-5.8,nan,nan,0.0,36.69,1019.90,27.48,-55.15,-0.990,-1.330,9.470,9.614
732,0,243.6,10.0,-6.1,nan,nan,0.0,36.73,1019.89,27.21,-55.14,-1.150,-1.810,9.320,9.564
733,0,243.6,10.0,-6.1,nan,nan,0.0,36.73,1019.89,27.21,-55.23,-1.150,-1.810,9.320,9.564
734,0,243.6,10.0,-6.1,nan,nan,0.0,36.73,1019.89,27.21,-55.23,-1.150,-1.810,9.320,9.564
735,0,243.6,10.0,-6.1,nan,nan,0.0,36.73,1019.89,27.21,-55.23,-1.150,-1.810,9.320,9.564
736,0,243.8,9.6,-6.3,nan,nan,0.0,36.73,1019.90,27.22,-55.55,-0.710,-1.710,9.370,9.551
737,0,243.8,9.6,-6.3,nan,nan,0.0,36.73,1019.90,27.22,-55.55,-0.710,-1.710,9.370,9.551
738,0,243.8,9.6,-6.3,nan,nan,0.0,36.73,1019.90,27.22,-55.55,-0.710,-1.710,9.370,9.551
739,0,243.7,10.2,-6.5,nan,nan,0.0,36.72,1019.91,26.98,-55.17,-1.190,-1.830,9.740,9.982
740,0,243.7,10.2,-6.5,nan,nan,0.0,36.72,1019.91,26.98,-55.31,-1.190,-1.830,9.740,9.982
741,0,243.7,10.2,-6.5,nan,nan,0.0,36.72,1019.91,26.98,-55.31,-1.190,-1.830,9.740,9.982
742,0,242.1,10.7,-6.6,nan,nan,0.0,36.74,1019.91,27.21,-55.11,-0.950,-1.700,9.630,9.825
743,0,242.1,10.7,-6.6,nan,nan,0.0,36.74,1019.91,27.21,-55.36,-0.950,-1.700,9.630,9.825
744,0,242.1,10.7,-6.6,nan,nan,0.0,36.74,1019.91,27.21,-55.36,-0.950,-1.700,9.630,9.825
745,0,242.1,10.7,-6.6,nan,nan,0.0,36.74,1019.91,27.21,-55.36,-0.950,-1.700,9.630,9.825
746,0,245.3,8.9,-6.2,nan,nan,0.0,36.73,1019.91,27.01,-55.58,-0.820,-1.500,9.340,9.495
747,0,245.3,8.9,-6.2,nan,nan,0.0,36.73,1019.91,27.01,-55.58,-0.820,-1.500,9.340,9.495
748,0,245.3,8.9,-6.2,nan,nan,0.0,36.73,1019.91,27.01,-55.58,-0.820,-1.500,9.340,9.495
749,0,243.3,10.2,-6.1,nan,nan,0.0,36.74,1019.91,27.33,-55.23,-1.170,-1.650,9.100,9.322
750,0,243.3,10.2,-6.1,nan,nan,0.0,36.74,1019.91,27.33,-55.33,-1.170,-1.650,9.100,9.322
751,0,243.3,10.2,-6.1,nan,nan,0.0,36.74,1019.91,27.33,-55.33,-1.170,-1.650,9.100,9.322
752,0,234.4,17.8,-9.3,nan,nan,0.0,36.75,1019.91,27.68,-55.55,-1.210,-3.150,9.580,10.157
753,0,234.4,17.8,-9.3,nan,nan,0.0,36.75,1019.91,27.68,-55.33,-1.210,-3.150,9.580,10.157
754,0,234.4,17.8,-9.3,nan,nan,0.0,36.75,1019.91,27.68,-55.33,-1.210,-3.150,9.580,10.157
755,0,234.4,17.8,-9.3,nan,nan,0.0,36.75,1019.91,27.68,-55.33,-1.210,-3.150,9.580,10.157
756,0,225.6,20.2,-15.9,nan,nan,0.0,36.74,1019.90,27.60,-55.45,-2.090,-2.860,9.370,10.017
757,0,225.6,20.2,-15.9,nan,nan,0.0,36.74,1019.90,27.60,-55.45,-2.090,-2.860,9.370,10.017
758,0,225.6,20.2,-15.9,nan,nan,0.0,36.74,1019.90,27.60,-55.45,-2.090,-2.860,9.370,10.017
759,0,222.9,22.1,-21.1,nan,nan,0.0,36.75,1019.87,27.45,-55.23,-3.570,-3.240,8.480,9.755
760,0,222.9,22.1,-21.1,nan,nan,0.0,36.75,1019.87,27.45,-55.28,-3.570,-3.240,8.480,9.755
761,0,222.9,22.1,-21.1,nan,nan,0.0,36.75,1019.87,27.45,-55.28,-3.570,-3.240,8.480,9.755
762,0,220.4,23.9,-19.1,nan,nan,0.0,36.77,1019.88,27.11,-55.14,-3.040,-3.800,8.630,9.907
763,0,220.4,23.9,-19.1,nan,nan,0.0,36.77,1019.88,27.11,-55.17,-3.040,-3.800,8.630,9.907
764,0,220.4,23.9,-19.1,nan,nan,0.0,36.77,1019.88,27.11,-55.17,-3.040,-3.800,8.630,9.907
765,0,220.4,23.9,-19.1,nan,nan,0.0,36.77,1019.88,27.11,-55.17,-3.040,-3.800,8.630,9.907
766,0,216.6,26.3,-18.1,nan,nan,0.0,36.77,1019.87,26.98,-55.14,-3.390,-4.480,8.400,10.106
767,0,216.6,26.3,-18.1,nan,nan,0.0,36.77,1019.87,26.98,-55.14,-3.390,-4.480,8.400,10.106
768,0,216.6,26.3,-18.1,nan,nan,0.0,36.77,1019.87,26.98,-55.14,-3.390,-4.480,8.400,10.106
769,0,210.4,31.2,-24.4,nan,nan,0.0,36.77,1019.92,27.31,-55.10,-3.830,-4.830,7.800,9.942
770,0,210.4,31.2,-24.4,nan,nan,0.0,36.77,1019.92,27.31,-55.10,-3.830,-4.830,7.800,9.942
771,0,210.4,31.2,-24.4,nan,nan,0.0,36.77,1019.92,27.31,-55.10,-3.830,-4.830,7.800,9.942
772,0,207.4,35.1,-28.0,nan,nan,0.0,36.76,1019.87,27.13,-55.30,-4.250,-4.860,7.550,9.934
773,0,207.4,35.1,-28.0,nan,nan,0.0,36.76,1019.87,27.13,-55.50,-4.250,-4.860,7.550,9.934
774,0,207.4,35.1,-28.0,nan,nan,0.0,36.76,1019.87,27.13,-55.50,-4.250,-4.860,7.550,9.934
775,0,207.4,35.1,-28.0,nan,nan,0.0,36.76,1019.87,27.13,-55.50,-4.250,-4.860,7.550,9.934
776,0,211.7,37.4,-27.9,nan,nan,0.0,36.77,1019.89,27.06,-55.46,-4.990,-6.180,6.970,10.568
777,0,211.7,37.4,-27.9,nan,nan,0.0,36.77,1019.89,27.06,-55.46,-4.990,-6.180,6.970,10.568
778,0,211.7,37.4,-27.9,nan,nan,0.0,36.77,1019.89,27.06,-55.46,-4.990,-6.180,6.970,10.568
779,0,210.5,31.7,-26.2,nan,nan,0.0,36.77,1019.91,27.58,-55.32,-4.120,-4.640,7.640,9.842
780,0,210.5,31.7,-26.2,nan,nan,0.0,36.77,1019.91,27.58,-55.32,-4.120,-4.640,7.640,9.842
781,0,210.5,31.7,-26.2,nan,nan,0.0,36.77,1019.91,27.58,-55.32,-4.120,-4.640,7.640,9.842
782,0,211.4,34.1,-25.1,nan,nan,0.0,36.79,1019.91,28.25,-55.28,-3.750,-5.040,7.380,9.692
783,0,211.4,34.1,-25.1,nan,nan,0.0,36.79,1019.91,28.25,-55.22,-3.750,-5.040,7.380,9.692
784,0,211.4,34.1,-25.1,nan,nan,0.0,36.79,1019.91,28.25,-55.22,-3.750,-5.040,7.380,9.692
785,0,211.4,34.1,-25.1,nan,nan,0.0,36.79,1019.91,28.25,-55.22,-3.750,-5.040,7.380,9.692
786,0,214.3,34.1,-22.5,nan,nan,0.0,36.81,1019.93,27.52,-55.57,-3.450,-4.960,7.960,9.993
787,0,214.3,34.1,-22.5,nan,nan,0.0,36.81,1019.93,27.52,-55.57,-3.450,-4.960,7.960,9.993
788,0,214.3,34.1,-22.5,nan,nan,0.0,36.81,1019.93,27.52,-55.57,-3.450,-4.960,7.960,9.993
789,0,216.6,37.6,-24.8,nan,nan,0.0,36.81,1019.93,28.63,-55.65,-4.030,-5.380,7.280,9.909
790,0,216.6,37.6,-24.8,nan,nan,0.0,36.81,1019.93,28.63,-55.51,-4.030,-5.380,7.280,9.909
791,0,216.6,37.6,-24.8,nan,nan,0.0,36.81,1019.93,28.63,-55.51,-4.030,-5.380,7.280,9.909
792,0,218.0,36.1,-23.6,nan,nan,0.0,36.79,1019.92,29.55,-55.60,-3.940,-5.560,7.400,10.060
793,0,218.0,36.1,-23.6,nan,nan,0.0,36.79,1019.92,29.55,-55.31,-3.940,-5.560,7.400,10.060
794,0,218.0,36.1,-23.6,nan,nan,0.0,36.79,1019.92,29.55,-55.31,-3.940,-5.560,7.400,10.060
795,0,218.0,36.1,-23.6,nan,nan,0.0,36.79,1019.92,29.55,-55.31,-3.940,-5.560,7.400,10.060
796,0,215.5,35.8,-24.8,nan,nan,0.0,36.77,1019.90,30.19,-55.43,-4.010,-5.170,7.470,9.930
797,0,215.5,35.8,-24.8,nan,nan,0.0,36.77,1019.90,30.19,-55.43,-4.010,-5.170,7.470,9.930
798,0,215.5,35.8,-24.8,nan,nan,0.0,36.77,1019.90,30.19,-55.43,-4.010,-5.170,7.470,9.930
799,0,215.4,36.1,-25.8,nan,nan,0.0,36.78,1019.87,30.32,-55.07,-4.080,-5.150,7.240,9.777
800,0,215.4,36.1,-25.8,nan,nan,0.0,36.78,1019.87,30.32,-55.38,-4.080,-5.150,7.240,9.777
801,0,215.4,36.1,-25.8,nan,nan,0.0,36.78,1019.87,30.32,-55.38,-4.080,-5.150,7.240,9.777
802,0,214.6,36.7,-26.3,nan,nan,0.0,36.80,1019.92,30.31,-55.67,-4.230,-5.230,7.240,9.882
803,0,214.6,36.7,-26.3,nan,nan,0.0,36.80,1019.92,30.31,-55.62,-4.230,-5.230,7.240,9.882
804,0,214.6,36.7,-26.3,nan,nan,0.0,36.80,1019.92,30.31,-55.62,-4.230,-5.230,7.240,9.882
805,0,214.6,36.7,-26.3,nan,nan,0.0,36.80,1019.92,30.31,-55.62,-4.230,-5.230,7.240,9.882
806,0,214.8,37.6,-26.8,nan,nan,0.0,36.79,1019.93,30.30,-55.13,-4.230,-5.180,6.980,9.667
807,0,214.8,37.6,-26.8,nan,nan,0.0,36.79,1019.93,30.30,-55.13,-4.230,-5.180,6.980,9.667
808,0,214.8,37.6,-26.8,nan,nan,0.0,36.79,1019.93,30.30,-55.13,-4.230,-5.180,6.980,9.667
809,0,215.1,38.6,-26.3,nan,nan,0.0,36.82,1019.96,30.07,-55.43,-4.380,-5.890,6.740,9.965
810,0,215.1,38.6,-26.3,nan,nan,0.0,36.82,1019.96,30.07,-55.66,-4.380,-5.890,6.740,9.965
811,0,215.1,38.6,-26.3,nan,nan,0.0,36.82,1019.96,30.07,-55.66,-4.380,-5.890,6.740,9.965
812,0,215.6,38.9,-26.0,nan,nan,0.0,36.83,1019.92,30.31,-55.44,-4.170,-5.670,7.120,10.012
813,0,215.6,38.9,-26.0,nan,nan,0.0,36.83,1019.92,30.31,-55.48,-4.170,-5.670,7.120,10.012
814,0,215.6,38.9,-26.0,nan,nan,0.0,36.83,1019.92,30.31,-55.48,-4.170,-5.670,7.120,10.012
815,0,215.6,38.9,-26.0,nan,nan,0.0,36.83,1019.92,30.31,-55.48,-4.170,-5.670,7.120,10.012
816,0,215.8,39.8,-25.8,nan,nan,0.0,36.85,1019.90,30.60,-55.39,-4.440,-5.730,6.950,10.042
817,0,215.8,39.8,-25.8,nan,nan,0.0,36.85,1019.90,30.60,-55.39,-4.440,-5.730,6.950,10.042
818,0,215.8,39.8,-25.8,nan,nan,0.0,36.85,1019.90,30.60,-55.39,-4.440,-5.730,6.950,10.042
819,0,217.1,39.6,-23.8,nan,nan,0.0,36.87,1019.92,30.61,-55.84,-3.940,-6.010,6.980,10.018
820,0,217.1,39.6,-23.8,nan,nan,0.0,36.87,1019.92,30.61,-55.84,-3.940,-6.010,6.980,10.018
821,0,217.1,39.6,-23.8,nan,nan,0.0,36.87,1019.92,30.61,-55.84,-3.940,-6.010,6.980,10.018
822,0,217.0,33.1,-17.2,nan,nan,0.0,36.86,1019.94,31.57,-55.27,-2.930,-4.910,8.010,9.841
823,0,217.0,33.1,-17.2,nan,nan,0.0,36.86,1019.94,31.57,-55.58,-2.930,-4.910,8.010,9.841
824,0,217.0,33.1,-17.2,nan,nan,0.0,36.86,1019.94,31.57,-55.58,-2.930,-4.910,8.010,9.841
825,0,217.0,33.1,-17.2,nan,nan,0.0,36.86,1019.94,31.57,-55.58,-2.930,-4.910,8.010,9.841
826,0,218.4,30.6,-10.6,nan,nan,0.0,36.86,1019.95,31.53,-55.59,-2.450,-5.220,8.380,10.172
827,0,218.4,30.6,-10.6,nan,nan,0.0,36.86,1019.95,31.53,-55.59,-2.450,-5.220,8.380,10.172
828,0,218.4,30.6,-10.6,nan,nan,0.0,36.86,1019.95,31.53,-55.59,-2.450,-5.220,8.380,10.172
829,0,217.6,30.4,-9.2,nan,nan,0.0,36.86,1019.92,31.77,-55.80,-1.120,-5.170,8.800,10.268
830,0,217.6,30.4,-9.2,nan,nan,0.0,36.86,1019.92,31.77,-55.80,-1.120,-5.170,8.800,10.268
831,0,217.6,30.4,-9.2,nan,nan,0.0,36.86,1019.92,31.77,-55.80,-1.120,-5.170,8.800,10.268
832,0,216.3,30.8,-11.4,nan,nan,0.0,36.86,1019.95,31.45,-55.80,-2.170,-5.810,8.720,10.701
833,0,216.3,30.8,-11.4,nan,nan,0.0,36.86,1019.95,31.45,-55.61,-2.170,-5.810,8.720,10.701
834,0,216.3,30.8,-11.4,nan,nan,0.0,36.86,1019.95,31.45,-55.61,-2.170,-5.810,8.720,10.701
835,0,216.3,30.8,-11.4,nan,nan,0.0,36.86,1019.95,31.45,-55.61,-2.170,-5.810,8.720,10.701
836,0,222.6,28.5,-10.6,nan,nan,0.0,36.87,1019.95,31.42,-55.61,-2.270,-5.650,8.500,10.456
837,0,222.6,28.5,-10.6,nan,nan,0.0,36.87,1019.95,31.42,-55.61,-2.270,-5.650,8.500,10.456
838,0,222.6,28.5,-10.6,nan,nan,0.0,36.87,1019.95,31.42,-55.61,-2.270,-5.650,8.500,10.456
839,0,227.9,23.4,-9.5,nan,nan,0.0,36.86,1019.94,31.15,-55.50,-1.860,-3.260,8.980,9.733
840,0,227.9,23.4,-9.5,nan,nan,0.0,36.86,1019.94,31.15,-55.50,-1.860,-3.260,8.980,9.733
841,0,227.9,23.4,-9.5,nan,nan,0.0,36.86,1019.94,31.15,-55.50,-1.860,-3.260,8.980,9.733
842,0,229.6,21.9,-5.8,nan,nan,0.0,36.88,1019.98,30.68,-55.75,-0.820,-3.580,8.940,9.665
843,0,229.6,21.9,-5.8,nan,nan,0.0,36.88,1019.98,30.68,-55.38,-0.820,-3.580,8.940,9.665
844,0,229.6,21.9,-5.8,nan,nan,0.0,36.88,1019.98,30.68,-55.38,-0.820,-3.580,8.940,9.665
845,0,229.6,21.9,-5.8,nan,nan,0.0,36.88,1019.98,30.68,-55.38,-0.820,-3.580,8.940,9.665
846,0,233.5,19.8,-4.3,nan,nan,0.0,36.87,1019.95,30.59,-55.65,-0.930,-3.410,9.250,9.902
847,0,233.5,19.8,-4.3,nan,nan,0.0,36.87,1019.95,30.59,-55.65,-0.930,-3.410,9.250,9.902
848,0,233.5,19.8,-4.3,nan,nan,0.0,36.87,1019.95,30.59,-55.65,-0.930,-3.410,9.250,9.902
849,0,234.0,19.3,-4.4,nan,nan,0.0,36.87,1019.94,30.02,-55.42,-0.880,-3.410,9.140,9.795
850,0,234.0,19.3,-4.4,nan,nan,0.0,36.87,1019.94,30.02,-55.71,-0.880,-3.410,9.140,9.795
851,0,239.5,16.4,-10.1,nan,nan,0.0,37.01,1019.92,27.90,-55.43,-1.610,-2.550,9.190,9.672
852,0,239.5,16.4,-10.1,nan,nan,0.0,37.01,1019.92,27.90,-55.43,-1.610,-2.550,9.190,9.672
853,0,238.4,17.8,-10.6,nan,nan,0.0,37.00,1019.91,27.82,-55.40,-1.730,-2.870,9.050,9.651
854,0,238.4,17.8,-10.6,nan,nan,0.0,37.00,1019.91,27.82,-55.40,-1.730,-2.870,9.050,9.651
855,0,238.4,17.8,-10.6,nan,nan,0.0,37.00,1019.91,27.82,-55.40,-1.730,-2.870,9.050,9.651
856,0,236.4,18.8,-11.6,nan,nan,0.0,37.02,1019.90,28.00,-54.75,-1.880,-3.090,8.920,9.625
857,0,236.4,18.8,-11.6,nan,nan,0.0,37.02,1019.90,28.00,-55.10,-1.880,-3.090,8.920,9.625
858,0,236.4,18.8,-11.6,nan,nan,0.0,37.02,1019.90,28.00,-55.10,-1.880,-3.090,8.920,9.625
859,0,236.3,18.6,-11.2,nan,nan,0.0,37.03,1019.94,27.75,-55.06,-1.840,-2.980,9.190,9.835
860,0,236.3,18.6,-11.2,nan,nan,0.0,37.03,1019.94,27.75,-55.20,-1.840,-2.980,9.190,9.835
861,0,236.3,18.6,-11.2,nan,nan,0.0,37.03,1019.94,27.75,-55.20,-1.840,-2.980,9.190,9.835
862,0,236.3,18.6,-11.2,nan,nan,0.0,37.03,1019.94,27.75,-55.20,-1.840,-2.980,9.190,9.835
863,0,234.8,19.2,-11.7,nan,nan,0.0,37.03,1019.91,27.67,-55.25,-1.810,-3.270,9.100,9.838
864,0,234.8,19.2,-11.7,nan,nan,0.0,37.03,1019.91,27.67,-55.25,-1.810,-3.270,9.100,9.838
865,0,234.8,19.2,-11.7,nan,nan,0.0,37.03,1019.91,27.67,-55.25,-1.810,-3.270,9.100,9.838
866,0,233.5,19.7,-11.4,nan,nan,0.0,37.04,1019.92,27.99,-55.03,-1.850,-3.100,9.080,9.771
867,0,233.5,19.7,-11.4,nan,nan,0.0,37.04,1019.92,27.99,-55.03,-1.850,-3.100,9.080,9.771
868,0,233.5,19.7,-11.4,nan,nan,0.0,37.04,1019.92,27.99,-55.03,-1.850,-3.100,9.080,9.771
869,0,233.5,18.7,-11.7,nan,nan,0.0,37.04,1019.95,27.93,-55.16,-1.760,-2.980,9.080,9.717
870,0,233.5,18.7,-11.7,nan,nan,0.0,37.04,1019.95,27.93,-55.20,-1.760,-2.980,9.080,9.717
871,0,233.5,18.7,-11.7,nan,nan,0.0,37.04,1019.95,27.93,-55.20,-1.760,-2.980,9.080,9.717
872,0,233.5,18.7,-11.7,nan,nan,0.0,37.04,1019.95,27.93,-55.20,-1.760,-2.980,9.080,9.717
873,0,234.2,18.6,-11.7,nan,nan,0.0,37.03,1019.86,27.36,-54.97,-2.020,-3.090,9.110,9.830
874,0,234.2,18.6,-11.7,nan,nan,0.0,37.03,1019.86,27.36,-54.97,-2.020,-3.090,9.110,9.830
875,0,234.2,18.6,-11.7,nan,nan,0.0,37.03,1019.86,27.36,-54.97,-2.020,-3.090,9.110,9.830
876,0,234.0,18.6,-11.9,nan,nan,0.0,37.01,1019.87,27.82,-55.01,-2.010,-2.980,8.990,9.682
877,0,234.0,18.6,-11.9,nan,nan,0.0,37.01,1019.87,27.82,-55.01,-2.010,-2.980,8.990,9.682
878,0,234.0,18.6,-11.9,nan,nan,0.0,37.01,1019.87,27.82,-55.01,-2.010,-2.980,8.990,9.682
879,0,233.9,18.6,-12.1,nan,nan,0.0,37.04,1019.87,27.59,-55.16,-1.930,-3.010,8.910,9.601
880,0,233.9,18.6,-12.1,nan,nan,0.0,37.04,1019.87,27.59,-55.22,-1.930,-3.010,8.910,9.601
881,0,233.9,18.6,-12.1,nan,nan,0.0,37.04,1019.87,27.59,-55.22,-1.930,-3.010,8.910,9.601
882,0,233.9,18.6,-12.1,nan,nan,0.0,37.04,1019.87,27.59,-55.22,-1.930,-3.010,8.910,9.601
883,0,234.2,18.3,-12.0,nan,nan,0.0,37.03,1019.87,27.61,-55.18,-2.010,-2.940,9.140,9.809
884,0,234.2,18.3,-12.0,nan,nan,0.0,37.03,1019.87,27.61,-55.18,-2.010,-2.940,9.140,9.809
885,0,234.2,18.3,-12.0,nan,nan,0.0,37.03,1019.87,27.61,-55.18,-2.010,-2.940,9.140,9.809
886,0,234.0,18.7,-11.8,nan,nan,0.0,37.05,1019.90,27.59,-55.04,-1.640,-3.020,9.140,9.765
887,0,234.0,18.7,-11.8,nan,nan,0.0,37.05,1019.90,27.59,-55.04,-1.640,-3.020,9.140,9.765
888,0,234.0,18.7,-11.8,nan,nan,0.0,37.05,1019.90,27.59,-55.04,-1.640,-3.020,9.140,9.765
889,0,233.8,18.6,-12.5,nan,nan,0.0,37.03,1019.88,27.48,-54.99,-2.120,-2.920,8.760,9.474
890,0,233.8,18.6,-12.5,nan,nan,0.0,37.03,1019.88,27.48,-55.04,-2.120,-2.920,8.760,9.474
891,0,233.8,18.6,-12.5,nan,nan,0.0,37.03,1019.88,27.48,-55.04,-2.120,-2.920,8.760,9.474
892,0,234.8,17.6,-12.8,nan,nan,0.0,37.05,1019.82,27.46,-55.02,-2.480,-3.090,8.710,9.569
893,0,234.8,17.6,-12.8,nan,nan,0.0,37.05,1019.82,27.46,-55.34,-2.480,-3.090,8.710,9.569
894,0,234.8,17.6,-12.8,nan,nan,0.0,37.05,1019.82,27.46,-55.34,-2.480,-3.090,8.710,9.569
895,0,234.8,17.6,-12.8,nan,nan,0.0,37.05,1019.82,27.46,-55.34,-2.480,-3.090,8.710,9.569
896,0,233.6,17.0,-14.0,nan,nan,0.0,37.05,1019.90,27.45,-54.90,-2.220,-2.550,8.960,9.577
897,0,233.6,17.0,-14.0,nan,nan,0.0,37.05,1019.90,27.45,-54.90,-2.220,-2.550,8.960,9.577
898,0,233.6,17.0,-14.0,nan,nan,0.0,37.05,1019.90,27.45,-54.90,-2.220,-2.550,8.960,9.577
899,0,234.1,14.4,-13.1,nan,nan,0.0,37.04,1019.88,27.51,-54.99,-2.350,-2.070,9.160,9.681
900,0,228.6,14.5,-8.8,nan,nan,0.0,37.23,1019.92,27.55,-54.98,-1.460,-2.100,9.190,9.539
901,0,229.2,14.4,-8.4,nan,nan,0.0,37.23,1019.89,27.02,-55.09,-1.260,-2.530,9.290,9.710
902,0,229.2,14.4,-8.4,nan,nan,0.0,37.23,1019.89,27.02,-55.09,-1.260,-2.530,9.290,9.710
903,0,229.2,14.4,-8.4,nan,nan,0.0,37.23,1019.89,27.02,-55.09,-1.260,-2.530,9.290,9.710
904,0,229.9,14.3,-7.5,nan,nan,0.0,37.23,1019.89,27.14,-55.04,-0.940,-2.460,9.530,9.887
905,0,229.9,14.3,-7.5,nan,nan,0.0,37.23,1019.89,27.14,-55.04,-0.940,-2.460,9.530,9.887
906,0,229.9,14.3,-7.5,nan,nan,0.0,37.23,1019.89,27.14,-55.04,-0.940,-2.460,9.530,9.887
907,0,230.2,14.2,-7.7,nan,nan,0.0,37.24,1019.90,27.53,-55.06,-1.220,-2.370,9.390,9.761
908,0,230.2,14.2,-7.7,nan,nan,0.0,37.24,1019.90,27.53,-55.02,-1.220,-2.370,9.390,9.761
909,0,230.2,14.2,-7.7,nan,nan,0.0,37.24,1019.90,27.53,-55.02,-1.220,-2.370,9.390,9.761
910,0,230.2,14.2,-7.7,nan,nan,0.0,37.24,1019.90,27.53,-55.02,-1.220,-2.370,9.390,9.761
911,0,230.4,14.6,-8.4,nan,nan,0.0,37.24,1019.93,27.45,-55.37,-1.440,-2.600,9.220,9.687
